{
  "Bert@50": {
    "T1": {
      "perturbation_errors": 16430,
      "corrected_errors": 5372,
      "introduced_errors": 2122,
      "lev_reduction": 3135,
      "total_distance": 18731,
      "total_samples": 10000,
      "total_chars": 434661,
      "lev_reduction_per_sentence": 0.007212517341100306,
      "total_distance_per_char": 0.04309335321089309,
      "corrected_per_perturbation": 0.3269628727936701,
      "introduced_per_sample": 0.0048819654857463635,
      "introduced_per_corrected": 0.39501116902457184
    },
    "T3": {
      "perturbation_errors": 30705,
      "corrected_errors": 9047,
      "introduced_errors": 2509,
      "lev_reduction": 6746,
      "total_distance": 34168,
      "total_samples": 10000,
      "total_chars": 434661,
      "lev_reduction_per_sentence": 0.015520140983433066,
      "total_distance_per_char": 0.07860838676577839,
      "corrected_per_perturbation": 0.2946425663572708,
      "introduced_per_sample": 0.0057723145163702284,
      "introduced_per_corrected": 0.27732950149220736
    },
    "M3": {
      "perturbation_errors": 42020,
      "corrected_errors": 9499,
      "introduced_errors": 2750,
      "lev_reduction": 8272,
      "total_distance": 50157,
      "total_samples": 10000,
      "total_chars": 434661,
      "lev_reduction_per_sentence": 0.019030922949148876,
      "total_distance_per_char": 0.11539337552713494,
      "corrected_per_perturbation": 0.2260590195145169,
      "introduced_per_sample": 0.0063267695974564084,
      "introduced_per_corrected": 0.2895041583324561
    },
    "S1": {
      "perturbation_errors": 7062,
      "corrected_errors": 1867,
      "introduced_errors": 1900,
      "lev_reduction": -1058,
      "total_distance": 8995,
      "total_samples": 10000,
      "total_chars": 434661,
      "lev_reduction_per_sentence": -0.0024340808124032292,
      "total_distance_per_char": 0.020694288192407418,
      "corrected_per_perturbation": 0.2643726989521382,
      "introduced_per_sample": 0.004371222630969882,
      "introduced_per_corrected": 1.0176754151044456
    },
    "M2": {
      "perturbation_errors": 26675,
      "corrected_errors": 7575,
      "introduced_errors": 2438,
      "lev_reduction": 5765,
      "total_distance": 30125,
      "total_samples": 10000,
      "total_chars": 434661,
      "lev_reduction_per_sentence": 0.013263209719758617,
      "total_distance_per_char": 0.06930688513577248,
      "corrected_per_perturbation": 0.2839737582005623,
      "introduced_per_sample": 0.005608968828581354,
      "introduced_per_corrected": 0.3218481848184819
    },
    "M1": {
      "perturbation_errors": 21147,
      "corrected_errors": 6066,
      "introduced_errors": 2197,
      "lev_reduction": 4069,
      "total_distance": 24215,
      "total_samples": 10000,
      "total_chars": 434661,
      "lev_reduction_per_sentence": 0.0093613183607455,
      "total_distance_per_char": 0.055710082109966155,
      "corrected_per_perturbation": 0.28684919846786777,
      "introduced_per_sample": 0.005054513747495174,
      "introduced_per_corrected": 0.362182657434883
    },
    "S2": {
      "perturbation_errors": 8622,
      "corrected_errors": 2124,
      "introduced_errors": 1882,
      "lev_reduction": -642,
      "total_distance": 10435,
      "total_samples": 10000,
      "total_chars": 434661,
      "lev_reduction_per_sentence": -0.0014770131205698233,
      "total_distance_per_char": 0.02400721481798459,
      "corrected_per_perturbation": 0.24634655532359082,
      "introduced_per_sample": 0.004329811048150167,
      "introduced_per_corrected": 0.8860640301318268
    },
    "S3": {
      "perturbation_errors": 15517,
      "corrected_errors": 4191,
      "introduced_errors": 1889,
      "lev_reduction": 1571,
      "total_distance": 16482,
      "total_samples": 10000,
      "total_chars": 434661,
      "lev_reduction_per_sentence": 0.0036143109227650973,
      "total_distance_per_char": 0.03791920600191874,
      "corrected_per_perturbation": 0.27009086808017013,
      "introduced_per_sample": 0.004345915552580057,
      "introduced_per_corrected": 0.45072774994034837
    },
    "T2": {
      "perturbation_errors": 20793,
      "corrected_errors": 6986,
      "introduced_errors": 2224,
      "lev_reduction": 5043,
      "total_distance": 22596,
      "total_samples": 10000,
      "total_chars": 434661,
      "lev_reduction_per_sentence": 0.01160214511999006,
      "total_distance_per_char": 0.05198534029968182,
      "corrected_per_perturbation": 0.3359784542875006,
      "introduced_per_sample": 0.0051166311217247466,
      "introduced_per_corrected": 0.318350987689665
    }
  },
  "Bert@100": {
    "T1": {
      "perturbation_errors": 32303,
      "corrected_errors": 12815,
      "introduced_errors": 4084,
      "lev_reduction": 9881,
      "total_distance": 33410,
      "total_samples": 10000,
      "total_chars": 850017,
      "lev_reduction_per_sentence": 0.011624473392885084,
      "total_distance_per_char": 0.03930509625101616,
      "corrected_per_perturbation": 0.3967123796551404,
      "introduced_per_sample": 0.004804609790157138,
      "introduced_per_corrected": 0.3186890362856028
    },
    "T3": {
      "perturbation_errors": 59812,
      "corrected_errors": 21875,
      "introduced_errors": 4765,
      "lev_reduction": 19617,
      "total_distance": 60872,
      "total_samples": 10000,
      "total_chars": 850017,
      "lev_reduction_per_sentence": 0.02307836196217252,
      "total_distance_per_char": 0.07161268539335096,
      "corrected_per_perturbation": 0.36572928509329233,
      "introduced_per_sample": 0.005605770237536426,
      "introduced_per_corrected": 0.21782857142857143
    },
    "M3": {
      "perturbation_errors": 82801,
      "corrected_errors": 21812,
      "introduced_errors": 6497,
      "lev_reduction": 21653,
      "total_distance": 94020,
      "total_samples": 10000,
      "total_chars": 850017,
      "lev_reduction_per_sentence": 0.025473608174895326,
      "total_distance_per_char": 0.11060955251483205,
      "corrected_per_perturbation": 0.2634267702080893,
      "introduced_per_sample": 0.0076433765442338215,
      "introduced_per_corrected": 0.29786356134238035
    },
    "S1": {
      "perturbation_errors": 14370,
      "corrected_errors": 3943,
      "introduced_errors": 3579,
      "lev_reduction": -1597,
      "total_distance": 17750,
      "total_samples": 10000,
      "total_chars": 850017,
      "lev_reduction_per_sentence": -0.0018787859536926908,
      "total_distance_per_char": 0.02088193530247042,
      "corrected_per_perturbation": 0.2743910925539318,
      "introduced_per_sample": 0.004210504025213614,
      "introduced_per_corrected": 0.907684504184631
    },
    "M2": {
      "perturbation_errors": 53518,
      "corrected_errors": 17816,
      "introduced_errors": 4696,
      "lev_reduction": 16114,
      "total_distance": 55867,
      "total_samples": 10000,
      "total_chars": 850017,
      "lev_reduction_per_sentence": 0.01895726791346526,
      "total_distance_per_char": 0.06572456786158394,
      "corrected_per_perturbation": 0.3328973429500355,
      "introduced_per_sample": 0.005524595390445132,
      "introduced_per_corrected": 0.2635832959137854
    },
    "M1": {
      "perturbation_errors": 41298,
      "corrected_errors": 13297,
      "introduced_errors": 4692,
      "lev_reduction": 10473,
      "total_distance": 45098,
      "total_samples": 10000,
      "total_chars": 850017,
      "lev_reduction_per_sentence": 0.012320930051987195,
      "total_distance_per_char": 0.053055409480045695,
      "corrected_per_perturbation": 0.32197685117923386,
      "introduced_per_sample": 0.005519889602207955,
      "introduced_per_corrected": 0.35286154771753026
    },
    "S2": {
      "perturbation_errors": 17435,
      "corrected_errors": 4279,
      "introduced_errors": 3556,
      "lev_reduction": -1153,
      "total_distance": 20794,
      "total_samples": 10000,
      "total_chars": 850017,